{"stat.useItem.276":14,"stat.walkOneCm":426449,"stat.useItem.159":22,"achievement.openInventory":57,"stat.killEntity.Chicken":1,"stat.leaveGame":1,"stat.damageTaken":760,"stat.killEntity.Spider":2,"stat.mobKills":8,"stat.useItem.98":2,"stat.useItem.54":11,"stat.useItem.76":5,"stat.flyOneCm":65051,"stat.useItem.7":30,"stat.useItem.102":63,"stat.drop":3,"stat.useItem.50":4,"stat.jump":104,"stat.useItem.323":24,"stat.playOneMinute":219082,"stat.climbOneCm":536,"stat.useItem.107":1,"stat.killEntity.Sheep":1,"stat.useItem.3":134,"stat.damageDealt":1150,"stat.killEntity.Cow":3,"stat.killEntity.Pig":1,"achievement.exploreAllBiomes":{"value":0,"progress":["Plains"]},"stat.useItem.35":82,"stat.useItem.58":6}